{
  "accuracy": 0.8013,
  "auc_roc": 0.9603,
  "best_auc_roc": 0.9603,
  "epoch_time_s": 247.4,
  "f1_macro": 0.7208,
  "f1_weighted": 0.8135,
  "sensitivity": 0.8199,
  "specificity": 0.9624,
  "train_acc": 0.612375,
  "train_loss": 0.721023,
  "val_loss": 0.5911
}