{
  "accuracy": 0.7903,
  "auc_roc": 0.9523,
  "best_auc_roc": 0.9523,
  "epoch_time_s": 246.9,
  "f1_macro": 0.6988,
  "f1_weighted": 0.8034,
  "sensitivity": 0.7939,
  "specificity": 0.9599,
  "train_acc": 0.615375,
  "train_loss": 0.741723,
  "val_loss": 0.6294
}